PARTICIPANT.NUMBER,AGE.IN.YEARS,GENDER,MAXIMUM.EDUCATIONAL.LEVEL,HANDEDNESS,PERCENTAGE.EXPOSED.SPANISH,PERCENTAGE.EXPOSED.BASQUE,PERCENTAGE.EXPOSED.ENGLISH,SELF.PERCEIVED.LEVEL.SPANISH,SELF.PERCEIVED.LEVEL.BASQUE,SELF.PERCEIVED.LEVEL.ENGLISH,INTERVIEW.MARK.SPANISH,INTERVIEW.MARK.BASQUE,INTERVIEW.MARK.ENGLISH,AGE.OF.ACQUISITION.SPANISH,AGE.OF.ACQUISITION.BASQUE,AGE.OF.ACQUISITION.ENGLISH,PICTURE.NAMING.TEST.SPANISH,PICTURE.NAMING.TEST.BASQUE,PICTURE.NAMING.TEST.ENGLISH,LEXTALE.TEST.SPANISH,LEXTALE.TEST.BASQUE,LEXTALE.TEST.ENGLISH
1,22,Female,High School,Right,40,40,20,10,9,5,5,5,3,0,3,5,63,52,33,88.33,89,58.75
2,21,Female,University,Right,70,20,10,10,9,7,5,5,4,0,0,5,65,57,59,85,92,72.5
3,30,Female,Postgraduate,Right,20,70,10,9,10,5,5,5,4,6,0,8,65,65,50,93.33,96,78.75
4,21,Female,University,Right,90,10,0,9,7,3,5,2,2,0,3,3,65,45,39,92.5,88,67.5
5,39,Female,Professional Training,Left,50,40,10,9,8,7,5,5,3,0,0,12,65,64,54,84.17,73,60
6,20,Male,University,Right,100,0,0,8,7,2,5,4,3,0,6,6,65,57,31,90.83,83,61.25
7,23,Male,University,Right,60,30,10,10,10,7,5,5,3,4,0,6,64,64,57,98.33,89,66.25
8,24,Female,University,Left,50,30,10,9,9,7,5,5,4,0,0,8,65,63,56,98.33,98,76.25
9,36,Female,Postgraduate,Right,30,60,10,9,9,7,5,5,4,5,0,11,65,65,60,98.33,96,75
10,25,Male,University,Right,30,60,10,8,10,7,5,5,3,6,0,6,62,65,50,94.17,97,71.25
11,24,Female,High School,Right,70,30,30,10,4,9,5,2,4,0,3,5,65,30,64,95,69,76.25
12,21,Female,University,Right,40,60,0,10,10,6,5,5,4,2,0,4,65,65,54,96.67,98,65
13,24,Female,University,Right,50,50,0,7,8,3,5,5,3,0,0,6,65,61,34,95.83,95,70
14,19,Female,University,Right,60,30,10,9,8,6,5,5,4,0,0,5,64,57,45,99.17,96,73.75
15,21,Female,High School,Right,40,30,20,8,7,6,5,5,4,0,0,5,65,60,47,96.67,94,68.75
16,24,Female,High School,Right,50,40,10,9,9,7,5,5,4,0,0,6,65,62,54,95,91,60
17,23,Female,High School,Right,60,30,10,9,9,7,5,4,3,0,2,5,65,53,45,96.67,88,65
18,19,Male,University,Right,20,80,0,10,10,7,5,5,4,0,0,4,62,63,40,96.67,94,71.25
19,21,Female,High School,Right,60,30,10,10,9,6,5,4,2,0,2,5,65,56,16,74.17,84,46.25
20,20,Female,High School,Right,70,10,20,10,5,4,5,3,2,0,3,5,65,20,23,93.33,72,58.75
21,26,Female,University,Right,20,70,10,9,10,5,5,5,3,6,0,8,62,65,44,95.83,99,61.25
22,25,Male,High School,Right,90,0,10,10,7,8,5,3,2,0,3,9,65,42,35,97.5,75,61.25
23,28,Female,Postgraduate,Right,30,30,20,10,10,7,5,5,3,0,2,10,65,54,44,91.67,91,70
24,26,Male,High School,Right,30,70,0,8,9,6,5,5,2,0,0,10,65,62,25,78.33,100,48.75
25,21,Female,Professional Training,Right,70,10,20,10,6,6,5,3,3,0,2,8,65,41,42,96.67,68,51.25
26,23,Female,University,Right,70,20,10,9,9,5,5,5,2,0,0,8,64,59,27,92.5,87,58.75
27,33,Female,Professional Training,Right,60,40,0,8,7,2,5,5,2,3,0,6,65,61,27,95,82,66.25
28,23,Male,University,Right,30,50,20,8,9,7,5,5,4,5,0,5,65,64,45,95,91,63.75
29,26,Female,University,Right,80,10,10,10,7,8,5,4,3,0,2,4,63,50,38,98.33,87,60
30,23,Female,Postgraduate,Right,60,10,30,10,7,6,5,4,4,0,2,6,62,45,37,95,89,61.25
31,45,Female,Postgraduate,Right,30,70,0,9,9,2,5,5,3,0,0,11,64,64,36,99.17,92,75
32,22,Female,High School,Left,40,50,10,8,10,6,5,5,3,3,0,4,65,64,50,92.5,99,73.75
33,23,Female,Professional Training,Right,50,40,10,8,9,7,5,5,4,0,0,6,65,63,51,94.17,87,55
34,27,Female,Postgraduate,Right,60,40,0,10,8,7,5,4,4,0,0,3,65,38,30,93.33,85,62.5
35,27,Female,University,Right,80,10,10,10,9,6,5,4,3,0,3,7,65,52,44,94.17,84,62.5
36,22,Female,High School,Right,80,10,10,10,4,1,5,2,1,0,3,5,65,31,19,94.17,67,55
37,19,Female,High School,Right,80,10,10,10,6,9,5,4,3,0,3,5,63,42,37,91.67,85,63.75
38,21,Female,High School,Right,70,20,10,10,7,8,5,4,3,0,3,6,65,60,62,95.83,75,65
39,22,Female,High School,Right,20,70,10,10,10,10,5,5,3,0,0,10,64,59,46,91.67,92,63.75
40,25,Female,University,Right,50,10,30,10,7,8,5,3,3,0,3,6,64,42,28,97.5,93,62.5
41,19,Female,High School,Right,60,20,20,10,7,8,5,3,3,0,3,5,65,43,44,90.83,78,62.5
42,20,Male,High School,Right,60,30,10,9,8,8,5,4,4,0,0,5,65,61,61,96.67,88,78.75
43,25,Male,Professional Training,Right,70,10,20,9,7,5,5,4,4,0,0,7,65,41,49,97.5,72,68.75
44,23,Female,Professional Training,Right,60,30,10,10,8,6,5,3,2,0,5,10,64,44,26,92.5,68,68.75
45,24,Female,Professional Training,Right,20,40,40,10,10,10,5,5,5,5,0,0,65,62,63,95,93,72.5
46,43,Female,Professional Training,Right,80,10,10,10,8,9,5,4,4,0,6,6,65,58,56,96.67,93,70
47,22,Female,University,Right,40,40,20,7,8,5,5,5,4,5,0,4,63,60,43,91.67,91,65
48,27,Male,University,Right,90,0,10,10,5,5,5,4,4,0,3,12,64,50,45,93.33,80,97.5
49,20,Female,University,Left,50,50,0,8,8,4,5,5,3,0,0,6,64,57,27,84.17,88,65
50,47,Male,Postgraduate,Right,40,50,10,10,8,5,5,5,4,0,6,3,65,65,50,97.5,100,75
51,30,Female,University,Right,40,40,20,10,10,8,5,5,4,0,3,8,64,56,54,92.5,80,65
52,31,Male,University,Right,80,10,10,8,5,3,5,4,3,0,4,7,65,52,44,100,80,73.75
53,19,Female,University,Right,50,40,10,10,7,6,5,4,3,0,0,5,59,51,34,87.5,90,62.5
54,29,Male,University,Right,70,10,10,10,9,6,5,4,3,0,3,7,64,58,39,95.83,90,73.75
55,22,Female,University,Left,20,70,10,8,9,2,5,5,3,0,0,5,63,65,19,100,96,53.75
56,23,Male,Professional Training,Right,60,40,0,8,8,7,5,5,4,0,0,7,65,54,53,94.17,86,71.25
57,24,Female,University,Right,60,30,10,10,8,7,5,5,4,0,3,3,65,57,44,95.83,86,72.5
58,23,Female,Professional Training,Right,30,60,10,9,10,5,5,5,3,3,0,5,65,65,41,88.33,94,63.75
59,24,Female,University,Right,80,10,10,10,10,10,5,4,3,0,0,10,65,57,28,94.17,76,61.25
60,19,Female,High School,Right,50,40,10,9,9,6,5,4,3,0,2,5,65,59,50,95.83,90,70
61,23,Male,University,Right,60,30,10,9,8,7,5,5,4,0,3,6,65,56,50,96.67,96,71.25
62,22,Female,High School,Right,40,50,10,10,10,6,5,5,2,3,0,3,65,64,35,96.67,93,76.25
63,50,Female,University,Right,50,40,10,10,10,6,5,5,4,6,0,12,65,63,44,93.33,92,71.25
64,22,Male,University,Left,70,10,20,10,7,9,5,3,4,0,4,6,65,25,49,98.33,65,80
65,23,Female,University,Right,10,90,0,9,9,7,5,5,4,0,0,6,65,64,54,97.5,97,70
66,21,Female,University,Right,50,30,10,10,8,6,5,4,3,0,3,5,65,50,34,96.67,85,68.75
67,27,Female,University,Right,20,70,10,8,9,7,5,5,4,5,0,8,64,65,54,97.5,95,61.25
68,28,Female,University,Right,90,10,0,10,7,1,5,3,1,0,3,9,64,55,25,93.33,95,70
69,22,Female,University,Right,40,40,20,8,9,7,5,5,4,0,1,6,65,38,55,91.67,98,60
70,39,Female,University,Right,20,80,0,10,10,3,5,5,2,5,0,7,62,62,30,100,99,57.5
71,25,Female,University,Right,40,30,20,10,9,7,5,4,4,0,2,4,65,55,51,96.67,90,66.25
72,24,Male,Professional Training,Right,50,40,10,7,6,4,5,5,2,0,3,6,65,56,48,85.83,77,57.5
73,31,Male,Postgraduate,Right,60,30,10,10,7,8,5,5,5,0,5,6,65,64,61,100,94,75
74,19,Female,High School,Right,60,30,10,9,8,6,5,4,3,0,3,10,62,41,19,97.5,94,73.75
75,21,Female,University,Right,50,20,20,9,8,8,5,5,4,0,0,8,64,54,54,92.5,94,72.5
76,21,Male,University,Right,30,60,10,10,10,7,5,5,4,2,0,5,65,63,49,98.33,94,72.5
77,50,Female,Postgraduate,Left,40,40,20,8,9,7,5,5,5,0,0,7,65,63,56,98.33,84,75
78,19,Female,High School,Right,40,40,20,9,9,6,5,5,4,0,0,5,65,64,49,95,97,65
79,23,Male,University,Right,70,30,0,10,10,5,5,5,3,0,0,3,65,63,45,96.67,99,62.5
80,21,Female,University,Right,70,30,0,9,8,3,5,4,3,0,3,5,65,45,30,98.33,90,71.25
81,22,Female,Professional Training,Right,50,40,10,9,8,6,5,5,3,0,2,5,63,53,40,99.17,92,73.75
82,29,Male,Professional Training,Right,80,10,10,10,7,5,5,3,3,0,2,6,65,54,53,96.67,81,73.75
83,22,Male,University,Right,70,20,10,10,8,6,5,4,3,0,2,4,65,62,62,99.17,87,73.75
84,28,Male,Postgraduate,Right,70,10,10,10,5,7,5,3,4,0,5,2,65,43,56,99.17,80,71.25
85,20,Female,High School,Right,40,40,10,10,10,7,5,5,4,3,0,5,64,64,50,95,98,68.75
86,21,Female,University,Right,40,10,20,9,8,8,5,5,4,0,3,3,65,56,57,96.67,72,80
87,24,Male,University,Left,50,40,10,10,9,7,5,4,4,0,3,6,65,62,60,97.5,87,63.75
88,23,Female,High School,Right,50,40,10,9,8,7,5,5,4,0,0,6,65,61,55,92.5,96,65
89,20,Female,University,Right,60,30,10,9,8,3,5,5,2,0,1,3,64,63,30,93.33,95,68.75
90,20,Male,High School,Right,60,30,10,8,8,5,5,5,3,1,0,4,65,65,52,90,90,63.75
91,23,Female,High School,Right,50,40,10,9,7,7,5,4,3,0,6,6,64,42,31,96.67,84,55
92,25,Female,Professional Training,Right,80,20,0,10,8,5,5,4,3,0,2,4,65,55,31,91.67,86,61.25
93,31,Female,Professional Training,Right,70,20,10,10,9,8,5,3,3,0,3,6,65,37,28,95,73,75
94,29,Female,Postgraduate,Right,60,10,20,10,9,8,5,5,5,0,3,8,65,59,61,99.17,86,68.75
95,24,Female,High School,Right,50,30,20,10,7,1,5,2,1,0,6,9,65,40,28,91.67,66,62.5
96,24,Female,University,Right,60,30,10,10,8,8,5,4,4,0,3,11,65,53,50,97.5,82,65
97,20,Female,High School,Right,30,60,10,10,10,7,5,5,3,5,0,5,65,63,36,86.67,97,65
98,23,Male,High School,Right,50,30,20,10,9,6,5,5,3,0,3,3,65,53,36,95.83,76,73.75
99,20,Female,University,Right,40,40,20,8,9,7,5,5,4,0,0,5,61,63,55,97.5,96,70
100,23,Female,University,Right,80,10,10,9,8,7,5,5,4,0,3,6,65,55,43,99.17,86,63.75
101,22,Female,University,Left,60,30,10,10,8,5,5,4,3,0,3,9,65,57,40,94.17,68,70
102,22,Male,University,Left,50,30,20,7,6,4,5,4,4,0,2,5,64,50,51,88.33,88,63.75
103,37,Female,University,Right,60,20,10,10,7,5,5,4,3,0,6,6,64,45,25,98.33,88,66.25
104,22,Female,University,Right,50,50,0,10,8,3,5,5,2,0,4,6,65,63,39,90,93,70
105,29,Male,University,Right,70,20,10,9,8,6,5,5,3,0,0,8,65,62,48,97.5,95,63.75
106,24,Female,University,Right,40,50,10,10,10,7,5,5,4,0,0,4,65,65,45,99.17,98,67.5
107,27,Female,University,Right,20,70,10,8,10,7,5,5,3,3,0,8,65,43,65,90.83,87,62.5
108,21,Female,High School,Right,20,70,10,10,10,8,5,5,4,5,5,4,65,61,56,96.67,98,67.5
109,26,Female,University,Right,60,40,0,10,8,4,5,5,3,0,6,8,65,63,35,97.5,90,56.25
110,26,Female,University,Right,50,40,10,10,10,4,5,5,3,0,2,9,65,60,28,95,82,60
111,20,Female,University,Right,50,40,10,9,8,7,5,4,3,0,3,6,65,45,43,96.67,81,61.25
112,21,Female,High School,Right,70,30,30,9,3,8,5,3,4,0,3,7,65,23,45,98.33,89,77.5
113,23,Female,University,Right,70,30,0,10,6,7,5,3,2,0,3,4,65,33,33,94.17,75,87.5
114,21,Female,University,Right,60,30,10,9,9,7,5,5,3,0,0,8,64,60,44,95.83,88,53.75
115,24,Male,University,Right,70,20,10,9,5,6,5,4,4,0,4,6,65,56,54,99.17,77,81.25
116,22,Female,University,Right,50,40,10,10,10,8,5,5,3,0,0,6,64,65,56,95.83,96,65
117,22,Female,University,Right,60,30,10,10,9,7,5,5,4,0,3,6,65,59,54,97.5,92,72.5
118,25,Female,University,Right,40,50,10,10,10,8,5,5,4,3,0,3,65,63,55,99.17,99,61.25
119,23,Female,University,Right,100,0,0,10,7,3,5,2,3,0,3,3,65,30,45,89.17,48,63.75
120,28,Female,Postgraduate,Right,100,0,0,10,6,6,5,3,3,0,3,4,65,32,41,96.67,86,70
121,21,Male,University,Right,50,30,20,8,7,7,5,5,3,0,1,5,64,63,53,48.33,87,55
122,24,Male,University,Right,80,10,10,9,7,6,5,4,4,0,0,10,65,47,54,95.83,85,77.5
123,21,Female,High School,Right,60,30,10,10,8,6,5,4,3,0,2,4,65,59,38,91.67,90,62.5
124,31,Female,University,Right,50,30,20,10,7,5,5,2,3,0,6,12,64,19,36,98.33,58,61.25
125,23,Female,University,Right,50,40,10,8,9,7,5,5,3,0,0,6,55,53,35,87.5,93,67.5
126,30,Female,University,Right,50,30,20,10,9,7,5,3,2,0,0,9,63,42,18,78.33,71,46.25
127,21,Female,University,Right,80,20,0,10,7,1,5,4,3,0,4,6,63,48,49,86.67,93,56.25
128,21,Male,High School,Right,80,10,10,7,7,5,5,4,1,0,5,5,64,48,31,82.5,66,62.5
129,24,Female,University,Right,40,50,10,9,10,7,5,5,4,0,0,5,64,64,47,97.5,95,68.75
130,24,Female,Postgraduate,Left,50,30,10,10,10,10,5,5,5,3,0,8,64,64,48,91.67,96,58.75
131,20,Female,University,Right,50,40,10,10,10,10,5,5,5,0,0,5,65,64,55,88.33,97,66.25
132,25,Female,Professional Training,Right,60,40,0,10,10,5,5,4,2,0,0,7,65,52,23,83.33,66,50
133,22,Female,High School,Right,20,70,10,10,10,7,5,5,4,0,0,7,65,59,54,100,97,73.75
134,26,Male,Professional Training,Right,40,50,10,9,8,5,5,3,3,0,3,5,65,55,48,99.17,70,68.75
135,26,Female,University,Right,90,10,0,9,10,6,5,5,3,0,0,8,65,65,39,95,82,63.75
136,26,Female,Postgraduate,Right,40,20,40,10,8,8,5,5,4,0,1,6,65,56,53,98.33,84,90
137,29,Male,Postgraduate,Right,40,50,10,9,9,7,5,5,4,0,0,8,65,61,59,97.5,98,65
138,21,Male,High School,Right,70,20,10,8,8,6,5,5,4,0,3,6,65,63,53,95.83,80,62.5
139,24,Female,Professional Training,Right,50,50,0,9,8,3,5,5,3,0,0,7,65,61,26,89.17,80,58.75
140,21,Female,University,Left,60,30,10,10,9,6,5,4,3,0,3,6,65,60,47,97.5,91,58.75
141,27,Male,Professional Training,Right,80,10,10,10,6,5,5,5,3,0,3,3,65,58,52,94.17,74,58.75
142,39,Male,University,Right,70,20,10,9,7,5,5,4,4,0,4,12,65,57,53,100,76,66.25
143,28,Female,High School,Right,90,10,0,8,6,1,5,2,1,0,5,7,64,33,11,94.17,77,70
144,25,Female,High School,Right,70,20,10,10,8,5,5,5,3,0,2,6,65,57,44,90.83,84,51.25
145,22,Female,Postgraduate,Right,20,60,20,8,10,7,5,5,5,0,0,4,64,64,57,99.17,94,65
146,22,Male,University,Left,80,10,10,9,8,9,5,5,4,0,3,8,65,59,53,89.17,89,68.75
147,22,Male,University,Right,60,30,10,9,7,3,5,4,2,0,3,8,64,42,33,94.17,83,55
148,24,Female,University,Right,50,20,20,9,8,5,5,3,5,0,0,0,65,38,58,96.67,59,96.25
149,30,Female,University,Right,50,50,0,9,9,3,5,5,2,5,0,11,65,64,45,96.67,86,65
150,21,Male,University,Right,50,30,20,8,8,6,5,5,4,0,2,8,62,65,38,71.67,75,57.5
151,20,Male,University,Right,40,40,20,10,9,7,5,5,3,0,2,4,65,63,41,92.5,92,58.75
152,23,Female,University,Right,20,0,20,10,7,4,5,4,2,0,2,3,65,52,25,89.17,78,70
153,28,Male,University,Right,40,40,20,10,10,8,5,5,5,3,0,5,65,62,62,95.83,96,73.75
154,20,Male,University,Right,60,10,30,9,8,8,5,5,4,0,0,3,65,58,56,93.33,86,76.25
155,19,Female,University,Right,50,40,10,9,10,10,5,5,3,0,2,5,65,55,46,95,94,60
156,21,Female,Professional Training,Right,50,20,30,9,7,8,5,5,5,2,0,4,65,63,65,100,92,90
157,22,Male,University,Right,50,40,10,9,8,1,5,5,2,0,3,6,65,65,35,98.33,92,70
158,39,Male,Professional Training,Right,60,40,0,9,8,4,5,5,2,0,3,12,65,61,36,98.33,92,68.75
159,25,Male,University,Right,60,30,10,9,8,5,5,5,3,0,3,11,65,60,43,94.17,85,62.5
160,24,Male,University,Right,50,40,10,9,10,7,5,5,4,0,0,7,65,65,58,90.83,96,73.75
161,19,Male,High School,Left,50,40,10,9,7,6,5,4,2,0,4,5,65,54,37,90.83,84,58.75
162,27,Female,University,Right,40,20,30,10,10,8,5,4,4,0,0,7,65,64,60,100,93,78.75
163,25,Female,Postgraduate,Right,50,30,20,10,10,7,5,5,4,0,0,12,65,60,56,93.33,92,77.5
164,27,Male,University,Right,40,40,20,10,10,7,5,5,4,0,0,8,65,64,49,98.33,93,63.75
165,27,Male,Postgraduate,Right,80,20,0,10,8,5,5,4,2,0,6,6,65,62,48,93.33,96,66.25
166,23,Male,University,Right,50,10,10,10,10,10,5,4,4,0,6,6,65,57,60,95,90,83.75
167,20,Female,High School,Right,40,60,0,10,9,7,5,4,3,0,2,5,65,46,44,84.17,84,65
168,20,Female,High School,Right,50,40,10,9,9,5,5,5,3,5,0,4,65,65,45,91.67,95,62.5
169,30,Female,University,Right,60,10,10,10,7,7,5,4,4,0,3,6,65,57,61,98.33,83,68.75
170,23,Male,Professional Training,Right,60,20,20,10,8,7,5,4,4,0,2,9,65,41,46,95,72,61.25
171,25,Male,High School,Right,90,0,10,10,10,8,5,3,3,0,2,5,65,49,54,97.5,78,75
172,23,Female,High School,Right,70,20,10,10,8,7,5,4,3,0,3,6,65,50,40,93.33,88,70
173,25,Female,University,Right,30,60,10,8,9,5,5,5,3,0,0,6,64,65,46,95.83,94,56.25
174,22,Female,High School,Right,70,20,10,10,7,5,5,5,4,0,3,6,65,62,48,98.33,97,61.25
175,21,Female,High School,Right,50,40,10,9,8,4,5,5,2,0,1,6,65,57,37,93.33,87,62.5
176,32,Male,University,Right,30,30,30,10,10,8,5,5,5,0,0,10,65,62,57,95,98,83.75
177,21,Female,University,Right,80,10,10,8,7,7,5,4,3,0,2,5,65,57,53,88.33,82,62.5
178,20,Female,University,Left,40,30,20,10,9,6,5,5,2,0,3,5,63,57,27,92.5,89,61.25
179,19,Male,University,Right,70,20,20,10,7,9,5,4,5,0,3,7,65,48,49,75.83,86,51.25
180,33,Female,University,Right,80,20,20,10,2,6,5,2,4,0,6,6,65,20,44,94.17,62,73.75
181,27,Female,University,Right,70,20,10,9,7,3,5,4,3,0,0,3,65,57,57,96.67,75,71.25
182,30,Female,Postgraduate,Right,20,80,0,8,9,5,5,5,3,5,0,10,65,64,42,100,94,68.75
183,20,Female,University,Right,90,0,0,10,3,8,5,2,4,0,3,3,63,20,48,91.67,65,63.75
184,23,Female,Postgraduate,Right,70,20,20,10,5,8,5,2,3,0,5,10,65,31,41,99.17,65,68.75
185,27,Female,University,Right,70,10,20,8,6,6,5,5,4,0,0,6,65,57,48,97.5,88,82.5
186,24,Male,University,Right,60,10,30,8,7,5,5,4,3,0,2,7,65,51,36,80,81,56.25
187,22,Female,University,Right,80,10,10,10,7,7,5,3,4,0,2,6,65,51,53,88.33,77,78.75
188,25,Female,High School,Right,80,10,10,10,4,4,5,2,3,0,3,3,65,41,36,95.83,80,61.25
189,30,Female,Postgraduate,Left,60,30,30,10,1,7,5,2,4,0,3,7,65,33,58,100,75,71.25
190,23,Male,University,Right,60,20,20,10,9,7,5,5,4,0,2,6,64,41,38,88.33,94,70
191,24,Female,University,Right,40,40,10,9,9,9,5,5,3,0,2,9,65,58,34,95,79,67.5
192,30,Female,University,Right,70,30,0,9,8,6,5,5,4,0,3,8,65,62,48,96.67,86,66.25
193,25,Female,University,Right,60,30,10,9,8,6,5,4,3,0,3,6,64,64,47,94.17,89,68.75
194,32,Female,University,Right,90,10,0,9,6,3,5,5,2,0,3,9,65,58,29,100,91,68.75
195,21,Female,University,Right,70,20,10,9,9,7,5,4,3,0,4,6,65,58,45,93.33,93,72.5
196,46,Female,Postgraduate,Right,40,50,10,10,9,7,5,5,4,0,0,12,65,65,59,98.33,95,80
197,23,Female,University,Left,40,50,10,9,9,5,5,5,3,4,0,8,64,62,46,99.17,96,68.75
198,22,Female,University,Right,60,20,20,10,7,6,5,2,3,0,3,5,65,28,43,98.33,57,60
199,20,Male,High School,Right,50,30,20,10,9,8,5,5,5,0,0,4,65,60,59,96.67,93,82.5
200,23,Female,High School,Right,70,20,10,10,8,5,5,5,3,0,3,7,65,58,44,95.83,98,71.25
201,23,Male,High School,Right,50,20,20,10,10,9,5,3,2,0,4,6,65,39,42,97.5,72,67.5
202,24,Female,University,Left,10,90,0,7,9,5,5,5,2,3,0,3,62,65,26,79.17,90,60
203,23,Female,High School,Right,60,30,10,9,8,7,5,5,4,0,2,5,65,58,53,80.83,85,62.5
204,21,Female,High School,Right,60,30,10,10,8,8,5,4,3,0,2,4,64,55,42,88.33,92,62.5
205,21,Female,High School,Right,30,50,20,9,10,7,5,5,3,5,0,5,64,64,45,89.17,97,62.5
206,30,Male,Postgraduate,Right,30,50,10,9,9,7,5,5,4,0,0,8,65,65,62,96.67,95,78.75
207,22,Female,University,Left,30,50,20,10,10,4,5,5,4,2,0,4,65,65,30,92.5,92,55
208,21,Female,University,Right,70,20,10,10,7,6,5,3,2,0,3,6,65,39,37,98.33,80,68.75
209,21,Female,University,Right,80,10,10,10,4,3,5,2,1,0,3,5,65,36,29,96.67,77,57.5
210,22,Female,University,Right,50,50,0,10,9,6,5,5,2,0,3,4,65,62,32,90.83,86,70
211,22,Female,University,Right,50,40,10,10,8,7,5,5,5,1,0,4,65,59,58,96.67,88,66.25
212,21,Female,High School,Right,40,40,40,9,7,8,5,5,4,0,3,6,65,51,56,88.33,77,70
213,33,Female,Postgraduate,Right,50,40,10,8,8,7,5,5,5,0,0,9,64,63,65,100,99,91.25
214,48,Female,Postgraduate,Right,20,40,30,9,9,8,5,5,5,4,0,12,65,65,65,95,88,95
215,31,Male,University,Right,20,70,10,9,9,6,5,5,4,0,2,9,65,65,59,92.5,97,70
216,22,Female,University,Right,70,10,10,10,4,6,5,3,3,0,4,6,65,31,28,92.5,68,53.75
217,26,Female,University,Right,40,30,30,9,9,8,5,5,5,3,0,3,65,65,64,100,97,92.5
218,24,Male,University,Right,70,20,10,10,9,7,5,3,3,0,6,6,65,59,37,93.33,88,67.5
219,32,Female,Postgraduate,Right,70,30,0,9,8,2,5,4,2,0,2,6,65,46,29,98.33,78,76.25
220,24,Female,University,Right,60,20,10,10,9,8,5,4,3,0,0,0,64,47,42,99.17,81,57.5
221,19,Female,High School,Right,70,10,20,10,7,7,5,3,3,0,3,5,65,48,49,87.5,78,51.25
222,28,Female,University,Right,60,30,10,10,7,6,5,4,4,0,3,7,65,61,54,90.83,84,58.75
223,21,Female,High School,Right,90,10,0,8,8,8,5,5,4,0,0,4,64,59,36,97.5,95,70
224,22,Female,University,Right,30,60,10,7,10,7,5,5,3,5,0,7,64,65,65,93.33,100,68.75
225,23,Female,University,Right,80,20,0,10,9,7,5,3,3,0,2,5,64,45,35,99.17,75,60
226,22,Female,University,Right,10,70,20,8,10,7,5,5,2,5,0,3,61,60,33,90,86,60
227,23,Female,Professional Training,Right,60,30,10,10,8,7,5,3,2,0,5,5,65,44,31,94.17,88,62.5
228,33,Male,University,Right,60,30,10,9,8,9,5,5,5,0,0,7,65,65,64,98.33,98,87.5
229,46,Female,University,Right,40,60,0,8,8,2,5,5,2,0,0,12,65,65,35,91.67,88,67.5
230,19,Male,University,Right,60,30,10,10,7,4,5,4,3,0,3,6,65,52,40,95.83,92,67.5
231,31,Female,University,Right,50,30,10,10,9,7,5,4,3,0,0,6,65,59,44,100,84,70
232,20,Female,High School,Right,60,40,0,9,8,4,5,5,3,0,3,8,56,14,63,93.33,94,68.75
233,30,Male,Postgraduate,Right,20,70,10,8,9,7,5,5,4,6,0,8,65,65,59,93.33,96,68.75
234,41,Female,Postgraduate,Right,40,40,10,10,10,10,5,5,3,2,0,12,64,65,33,100,96,70
235,23,Female,University,Right,60,30,10,10,7,5,5,4,2,0,2,2,65,56,32,93.33,86,57.5
236,31,Female,University,Left,40,50,10,10,10,7,5,5,4,0,0,10,65,64,59,91.67,94,67.5
237,26,Male,Postgraduate,Right,70,20,20,10,4,7,5,3,5,0,4,6,65,47,60,98.33,86,75
238,21,Female,University,Left,40,40,20,9,8,7,5,5,3,0,3,7,65,58,39,98.33,95,65
239,25,Male,High School,Right,60,30,10,9,8,7,5,5,4,2,0,3,65,59,48,95.83,90,63.75
240,39,Female,University,Right,30,70,0,9,9,4,5,5,4,0,0,12,64,64,46,95,94,61.25
241,21,Male,High School,Right,40,20,30,10,10,9,5,5,5,0,0,0,65,65,63,91.67,90,68.75
242,23,Female,University,Right,50,30,20,10,9,6,5,5,3,0,0,5,65,57,43,95.83,90,63.75
243,26,Female,Postgraduate,Right,70,10,10,10,7,8,5,3,3,0,3,4,65,47,34,80,52,55
244,24,Male,University,Right,60,20,20,9,6,6,5,2,3,0,5,6,65,34,45,92.5,68,71.25
245,27,Male,Professional Training,Right,30,70,0,9,10,4,5,5,3,4,0,9,65,65,47,93.33,86,72.5
246,21,Male,High School,Right,100,0,0,8,6,5,5,2,2,0,3,5,65,29,30,95.83,63,71.25
247,22,Female,University,Right,60,30,10,9,9,7,5,5,4,0,3,4,65,47,47,85,79,55
248,21,Female,University,Right,90,10,0,9,8,4,5,4,3,0,5,5,65,48,30,86.67,67,48.75
249,22,Female,University,Right,50,30,20,9,9,8,5,5,4,0,0,5,64,60,56,96.67,89,67.5
250,21,Female,University,Right,40,60,0,10,10,5,5,5,2,3,0,5,65,59,32,88.33,82,62.5
251,22,Male,University,Right,70,20,10,7,7,6,5,4,3,0,4,5,65,51,51,97.5,75,68.75
252,21,Female,University,Right,50,30,10,8,9,6,5,5,4,3,0,6,64,61,46,96.67,93,68.75
253,22,Female,University,Right,60,40,0,9,7,5,5,5,3,0,0,3,65,62,40,95,97,63.75
254,22,Male,University,Right,60,30,10,10,8,7,5,4,4,0,3,4,65,60,53,95,86,61.25
255,29,Female,University,Right,30,40,20,7,9,6,5,5,4,2,0,8,64,65,54,96.67,78,55
256,23,Female,Professional Training,Right,90,0,0,10,3,5,5,2,2,0,5,5,65,29,44,96.67,66,42.5
257,24,Female,Professional Training,Right,60,40,0,9,7,5,5,5,3,4,0,3,65,63,41,94.17,87,66.25
258,19,Female,University,Right,60,30,10,9,8,7,5,4,4,0,3,6,64,53,39,85,89,62.5
259,33,Female,University,Right,50,30,20,10,7,6,5,5,3,0,4,12,65,45,52,78.33,70,88.75
260,25,Female,University,Right,60,30,10,9,10,8,5,5,5,0,0,6,65,64,57,92.5,84,66.25
261,24,Female,Professional Training,Left,40,60,0,10,10,3,5,5,2,0,0,9,65,65,37,93.33,88,62.5
262,30,Female,Postgraduate,Right,70,20,20,10,10,10,5,1,4,0,4,7,65,14,56,100,54,60
263,22,Female,University,Right,70,20,10,10,9,7,5,4,3,0,6,6,65,53,34,93.33,88,55
264,22,Female,University,Right,10,90,0,6,8,4,5,5,4,4,0,7,63,65,54,96.67,96,62.5
265,20,Female,University,Right,80,10,10,9,6,5,5,4,3,0,2,6,65,40,33,93.33,88,57.5
266,31,Male,Postgraduate,Right,40,50,10,9,9,7,5,5,5,3,0,8,65,65,59,92.5,95,71.25
267,21,Male,High School,Right,50,30,30,10,6,9,5,3,4,0,3,10,65,33,46,100,89,67.5
268,21,Male,High School,Right,60,30,10,10,8,7,5,4,4,0,3,6,65,56,52,94.17,82,63.75
269,39,Female,Postgraduate,Right,10,80,10,10,10,9,5,5,5,2,0,12,65,64,65,100,96,90
270,22,Female,University,Right,70,20,10,10,9,7,5,3,3,0,3,6,65,28,32,95.83,78,73.75
271,34,Female,Postgraduate,Left,90,10,0,10,10,3,5,5,2,0,0,0,64,62,33,95,93,60
272,21,Male,University,Right,60,30,10,10,10,4,5,5,3,0,0,6,65,65,43,97.5,93,58.75
273,21,Male,University,Right,70,30,0,9,8,6,5,5,3,0,0,6,65,65,32,92.5,89,47.5
274,23,Male,University,Right,70,10,20,10,9,9,5,4,4,0,2,6,65,59,62,99.17,79,85
275,25,Male,High School,Right,70,20,10,10,10,6,5,4,2,0,0,4,65,60,38,86.67,82,53.75
276,37,Female,University,Left,60,20,10,9,8,8,5,5,5,0,5,10,64,61,61,93.33,93,73.75
277,21,Female,University,Right,40,30,20,10,9,8,5,5,5,0,0,6,65,61,64,99.17,96,80
278,29,Female,Postgraduate,Right,60,30,10,9,8,7,5,5,5,3,0,3,65,65,61,96.67,93,88.75
279,28,Female,University,Right,50,50,0,9,9,8,5,5,4,0,0,8,63,64,54,100,96,85
280,33,Female,University,Right,70,10,10,10,10,10,5,4,3,0,3,12,65,59,56,95,77,61.25
281,27,Male,High School,Right,90,10,0,8,6,5,5,4,2,0,0,7,63,55,23,85,74,62.5
282,24,Female,University,Right,70,30,0,10,9,4,5,4,1,0,2,6,65,51,23,95,87,63.75
283,26,Male,University,Right,60,20,20,10,10,9,5,5,5,4,0,7,62,63,63,98.33,97,83.75
284,23,Male,Postgraduate,Right,60,30,10,10,9,8,5,5,4,0,2,8,65,60,49,96.67,96,73.75
285,27,Male,University,Right,30,50,10,9,10,8,5,5,4,0,0,8,65,65,61,95.83,99,65
286,32,Female,University,Right,30,10,30,10,10,8,5,5,4,0,2,8,65,59,45,97.5,88,71.25
287,22,Male,University,Right,70,20,10,10,8,6,5,4,2,0,3,6,61,45,28,95.83,88,56.25
288,24,Female,Postgraduate,Right,20,70,10,9,10,7,5,5,4,3,0,8,64,65,49,90.83,99,63.75
289,25,Male,University,Right,100,0,0,10,4,2,5,3,1,0,6,12,65,46,28,96.67,74,62.5
290,20,Female,Professional Training,Right,50,50,0,9,8,1,5,3,1,0,2,5,65,45,18,85,69,52.5
291,27,Female,University,Left,70,20,10,9,8,7,5,4,5,0,3,6,65,57,43,96.67,97,76.25
292,21,Female,University,Right,70,10,20,9,6,5,5,4,3,0,3,3,65,45,33,95.83,83,65
293,20,Female,University,Right,60,10,30,9,7,7,5,3,2,0,3,6,65,47,34,94.17,85,56.25
294,23,Male,University,Right,30,30,40,10,8,9,5,5,5,5,0,8,65,59,65,97.5,90,97.5
295,21,Female,High School,Left,60,30,10,9,7,5,5,5,3,0,0,8,64,42,23,96.67,87,82.5
296,27,Female,University,Left,60,10,0,9,10,7,5,5,4,4,0,6,65,65,54,97.5,95,71.25
297,36,Male,High School,Right,60,20,10,9,7,4,5,5,2,0,3,12,65,34,61,94.17,93,73.75
298,27,Male,University,Right,60,30,10,10,10,7,5,5,4,0,0,9,65,65,61,98.33,90,77.5
299,20,Female,High School,Right,50,50,0,9,8,6,5,5,2,0,0,6,63,61,34,92.5,90,72.5
300,25,Male,Professional Training,Right,50,30,20,10,9,7,5,4,4,0,0,6,65,61,54,95,95,61.25
301,29,Male,University,Right,60,20,20,9,8,6,5,4,4,0,3,7,65,55,53,97.5,92,67.5
302,22,Male,University,Right,50,40,10,8,8,6,5,5,3,0,0,4,65,60,45,92.5,89,55
303,29,Female,Postgraduate,Right,60,20,10,10,10,8,5,5,4,0,3,6,65,59,51,100,94,66.25
304,23,Male,University,Right,70,20,10,10,8,6,5,5,3,0,3,5,65,55,55,96.67,88,68.75
305,23,Female,High School,Right,40,50,10,9,9,7,5,5,3,0,0,4,65,63,47,95.83,92,70
306,21,Female,University,Right,80,10,10,10,1,5,5,1,3,0,3,3,65,7,40,96.67,54,67.5
307,23,Female,University,Right,40,20,40,10,9,9,5,4,5,0,0,5,65,53,61,97.5,95,86.25
308,22,Male,University,Right,70,30,0,9,7,5,5,5,3,0,0,6,64,61,30,95,88,78.75
309,24,Male,Postgraduate,Right,60,10,10,10,9,5,5,3,4,0,3,10,65,57,52,95.83,74,67.5
310,22,Male,University,Right,40,50,10,10,9,7,5,5,4,0,0,7,65,63,48,95,94,80
311,30,Female,Postgraduate,Right,70,20,10,10,7,6,5,3,4,0,3,6,65,27,25,98.33,80,66.25
312,22,Female,University,Right,70,20,10,9,9,7,5,5,3,0,0,6,64,61,47,93.33,96,67.5
313,36,Female,Postgraduate,Right,70,20,10,10,8,7,5,4,4,0,0,7,65,61,54,98.33,85,72.5
314,20,Female,University,Right,60,30,10,9,8,6,5,5,4,0,2,6,65,60,51,93.33,96,70
315,28,Female,University,Right,60,30,10,10,8,7,5,5,4,0,2,8,65,60,53,98.33,86,72.5
316,23,Male,High School,Right,60,30,10,10,8,7,5,5,5,0,0,6,65,65,59,96.67,97,76.25
317,23,Female,University,Right,80,10,10,10,6,6,5,3,3,0,2,6,65,43,50,94.17,82,58.75
318,23,Female,Professional Training,Left,80,20,0,9,8,1,5,3,1,0,3,6,65,46,18,90,80,58.75
319,28,Male,University,Right,70,20,10,8,6,5,5,3,3,0,3,6,65,41,46,96.67,77,72.5
320,20,Male,High School,Left,60,40,0,8,9,4,5,5,4,0,0,5,64,64,46,95.83,93,63.75
321,21,Male,University,Right,50,20,20,10,7,8,5,3,4,0,3,3,65,54,60,95.83,85,65
322,22,Male,University,Right,80,10,10,10,8,7,5,5,4,0,6,6,65,51,48,93.33,88,71.25
323,34,Female,Postgraduate,Right,40,50,10,8,7,5,5,5,3,6,0,9,65,65,47,98.33,95,73.75
324,23,Female,Postgraduate,Right,50,40,10,9,9,7,5,5,2,0,0,7,65,62,31,95.83,91,52.5
325,25,Female,University,Right,50,50,0,10,10,9,5,5,4,0,0,6,65,58,51,97.5,90,80
326,23,Female,High School,Right,50,40,10,7,8,5,5,5,4,0,0,6,65,64,47,95.83,98,65
327,22,Female,University,Right,50,40,10,7,7,5,5,5,4,0,0,5,65,62,40,97.5,100,61.25
328,21,Female,High School,Right,80,10,10,10,5,4,5,2,1,0,3,5,65,34,29,85.83,68,51.25
329,24,Male,High School,Right,60,10,30,9,7,7,5,4,4,0,3,5,65,40,56,94.17,91,85
330,22,Female,University,Right,70,20,20,9,2,8,5,2,4,0,5,5,65,34,50,97.5,71,57.5
331,25,Female,University,Right,60,40,0,9,8,6,5,5,4,0,2,7,65,64,51,98.33,100,73.75
332,35,Male,Postgraduate,Right,60,30,10,10,10,9,5,5,5,0,3,11,65,61,62,98.33,99,86.25
333,19,Female,High School,Right,60,30,30,9,6,7,5,4,4,0,6,8,65,39,52,90,83,77.5
334,25,Female,University,Right,50,40,10,9,7,6,5,4,3,0,3,5,61,56,40,96.67,89,65
335,25,Female,University,Right,70,20,0,10,4,3,5,3,2,0,4,4,65,33,21,98.33,65,58.75
336,23,Female,University,Right,20,10,70,10,8,9,5,4,3,0,3,6,65,48,51,90,88,80
337,21,Male,Professional Training,Right,60,30,10,10,6,7,5,3,3,0,3,5,65,36,29,95.83,76,57.5
338,32,Female,University,Right,80,20,0,8,5,2,5,3,2,0,6,12,65,49,29,87.5,71,56.25
339,27,Female,University,Right,60,40,0,9,8,5,5,5,3,0,0,9,65,64,44,99.17,100,65
340,20,Female,University,Right,80,20,0,9,8,8,5,4,4,0,0,3,63,56,45,95,85,63.75
341,23,Male,High School,Right,60,30,10,9,7,6,5,4,4,0,0,6,65,56,52,96.67,85,71.25
342,40,Male,University,Right,40,50,10,6,7,5,5,5,3,3,0,12,64,50,64,91.67,83,73.75
343,23,Female,University,Right,30,60,10,9,10,6,5,5,2,4,0,6,65,65,45,91.67,94,63.75
344,25,Female,Professional Training,Right,50,40,10,10,10,6,5,5,2,0,2,6,65,65,52,96.67,90,68.75
345,42,Female,Professional Training,Right,60,30,10,10,8,7,5,5,3,0,3,12,65,49,36,96.67,69,53.75
346,21,Female,University,Right,50,40,10,10,10,8,5,5,5,2,0,3,64,65,54,92.5,93,67.5
347,23,Male,University,Right,50,30,30,10,8,7,5,4,3,0,2,3,65,42,43,97.5,95,73.75
348,26,Female,University,Right,40,40,20,10,10,7,5,5,3,0,0,6,65,62,44,98.33,89,60
349,24,Female,Postgraduate,Right,70,10,20,10,6,4,5,4,2,0,3,3,65,59,33,93.33,86,65
350,28,Male,Postgraduate,Right,40,40,20,9,9,7,5,5,5,3,0,9,65,65,60,95.83,96,85
351,24,Female,High School,Right,40,20,30,10,8,7,5,4,3,0,0,6,65,58,59,99.17,84,86.25
352,20,Female,High School,Right,40,60,0,8,10,6,5,5,3,3,0,5,62,65,38,92.5,98,58.75
353,23,Female,University,Right,60,30,10,9,7,6,5,3,2,0,3,6,65,39,22,92.5,65,63.75
354,21,Male,University,Right,70,10,20,10,9,9,5,4,4,0,0,10,65,59,56,94.17,89,68.75
355,40,Male,Professional Training,Right,70,20,10,10,8,2,5,4,2,0,0,12,65,50,33,99.17,86,73.75
356,23,Female,High School,Right,40,50,10,10,10,8,5,5,4,0,0,6,64,63,48,93.33,92,60
357,19,Male,University,Right,80,20,0,8,8,3,5,5,3,0,0,7,64,62,39,97.5,95,66.25
358,35,Male,University,Right,30,60,10,9,9,6,5,5,4,0,0,10,64,62,44,94.17,93,58.75
359,25,Female,University,Right,30,40,30,9,9,7,5,5,5,0,0,5,63,64,59,90,92,72.5
360,23,Female,University,Right,50,20,20,8,7,6,5,2,3,0,0,5,65,31,40,90.83,57,50
361,19,Male,High School,Right,30,50,20,8,8,6,5,5,3,3,0,7,64,61,47,95,80,66.25
362,19,Female,University,Right,20,70,10,8,10,5,5,5,3,4,0,6,63,62,42,95.83,96,60
363,24,Female,University,Right,40,50,10,8,9,7,5,5,4,0,1,6,65,65,54,100,97,91.25
364,22,Male,High School,Right,50,30,20,10,9,7,5,4,4,0,0,9,65,59,52,99.17,87,75
365,21,Female,University,Right,70,20,20,9,4,7,5,3,5,0,5,3,65,23,50,90.83,70,63.75
366,22,Female,High School,Right,70,20,10,9,8,7,5,5,4,0,3,3,65,53,48,85,93,55
367,33,Male,Professional Training,Right,90,10,0,9,6,1,5,4,1,0,3,6,65,56,24,97.5,81,48.75
368,36,Female,Postgraduate,Right,50,40,10,8,8,4,5,5,2,0,2,12,65,65,33,86.67,91,63.75
369,27,Male,University,Right,40,30,20,9,9,8,5,5,5,2,0,6,65,62,64,97.5,91,87.5
370,30,Female,University,Right,90,10,0,10,8,4,5,4,3,0,3,7,65,56,32,100,92,63.75
371,29,Female,Postgraduate,Right,40,50,10,10,10,7,5,5,4,0,0,8,65,63,57,96.67,100,68.75
372,26,Female,Professional Training,Left,20,50,20,8,10,7,5,5,4,5,0,9,64,64,58,98.33,90,85
373,24,Female,University,Right,50,50,0,10,10,5,5,5,3,0,2,3,65,65,33,97.5,94,48.75
374,25,Male,University,Right,70,20,10,10,8,9,5,4,4,0,3,7,64,43,45,100,75,53.75
375,23,Female,University,Right,80,20,0,10,7,6,5,3,2,0,3,6,65,27,15,98.33,64,62.5
376,23,Female,University,Right,30,70,0,10,10,5,5,5,2,5,0,7,64,63,35,88.33,94,51.25
377,19,Female,University,Right,70,20,10,10,8,5,5,5,2,0,3,3,64,46,42,85,91,62.5
378,23,Male,Professional Training,Right,70,20,10,9,7,4,5,4,2,0,6,6,65,39,16,96.67,79,57.5
379,28,Female,Postgraduate,Right,50,30,20,10,8,7,5,5,5,0,3,6,65,53,59,100,92,78.75
380,22,Female,High School,Right,60,40,0,9,9,6,5,4,3,0,0,4,65,61,41,86.67,80,65
381,19,Female,University,Right,60,30,10,10,8,6,5,4,3,0,2,7,64,49,39,81.67,67,53.75
382,21,Female,University,Right,20,70,10,8,10,5,5,5,2,2,0,8,63,62,41,97.5,95,62.5
383,24,Female,Postgraduate,Right,30,20,50,8,8,8,5,5,5,2,0,11,63,59,55,93.33,94,96.25
384,19,Male,University,Right,10,80,10,8,10,7,5,5,3,0,0,5,62,65,46,94.17,94,70
385,27,Female,Postgraduate,Right,40,40,10,10,10,9,5,5,5,0,0,6,65,65,62,98.33,98,83.75
386,36,Male,University,Right,60,40,0,9,8,5,5,5,4,0,0,12,65,65,59,98.33,94,66.25
387,32,Male,University,Right,20,50,30,9,10,8,5,5,4,5,0,8,62,65,49,96.67,98,66.25
388,23,Female,University,Right,20,50,20,9,9,7,5,5,4,6,0,10,55,49,53,86.67,86,67.5
389,25,Female,University,Right,60,20,20,10,8,6,5,5,4,5,0,9,65,51,47,96.67,90,78.75
390,22,Female,University,Right,20,70,10,8,10,7,5,5,2,4,0,7,62,62,21,95,97,57.5
391,22,Male,High School,Right,40,40,20,10,10,8,5,5,4,0,0,4,65,52,52,95,83,73.75
392,22,Female,University,Right,60,30,10,10,7,6,5,4,4,0,2,5,65,50,45,97.5,77,68.75
393,22,Female,High School,Right,60,40,0,10,10,7,5,5,4,6,0,5,63,49,40,95.83,87,63.75
394,22,Male,High School,Left,50,50,0,6,7,4,5,5,3,0,0,12,65,59,40,91.67,79,63.75
395,21,Male,High School,Right,30,60,60,10,7,9,5,5,5,0,0,3,65,59,65,98.33,96,93.75
396,20,Female,University,Right,80,20,20,10,5,8,5,2,3,0,6,6,65,23,49,96.67,69,60
397,21,Female,University,Right,40,60,0,9,9,5,5,5,4,4,0,5,64,65,46,95,97,60
398,23,Female,University,Right,10,70,20,7,8,6,5,5,4,6,0,3,65,65,54,90,97,81.25
399,30,Female,University,Right,30,60,10,8,9,5,5,5,4,6,0,8,64,65,53,98.33,99,62.5
400,23,Male,High School,Right,90,10,10,8,1,6,5,2,4,0,6,4,65,8,55,92.5,54,70
401,21,Female,High School,Right,40,40,20,10,10,6,5,5,3,2,0,6,65,65,52,90.83,93,58.75
402,21,Female,High School,Right,60,30,10,10,9,7,5,5,4,0,2,5,65,61,58,99.17,98,58.75
403,37,Female,University,Right,50,40,10,9,8,4,5,5,3,0,3,7,56,45,22,99.17,91,67.5
404,22,Female,University,Left,40,40,20,9,8,7,5,5,4,0,2,5,64,62,53,92.5,96,62.5
405,23,Male,University,Right,60,30,10,9,9,4,5,5,4,0,0,8,65,65,50,99.17,97,62.5
406,23,Male,Professional Training,Right,80,20,0,10,8,7,5,4,2,0,3,5,65,43,41,95,87,66.25
407,22,Female,University,Right,70,10,20,8,7,7,5,5,4,0,0,5,65,58,55,95,81,68.75
408,28,Female,University,Right,70,30,0,10,2,3,5,4,3,0,3,6,65,61,46,97.5,94,53.75
409,28,Male,University,Right,40,50,10,10,8,9,5,5,4,0,0,10,65,63,62,93.33,91,72.5
410,22,Female,High School,Right,40,50,10,8,9,6,5,5,3,0,0,3,65,63,43,97.5,96,67.5
411,22,Female,University,Right,60,30,10,10,8,5,5,4,3,0,4,6,65,51,28,78.33,82,47.5
412,23,Female,Professional Training,Right,30,50,20,8,9,6,5,5,3,0,1,6,65,63,39,92.5,83,56.25
413,30,Male,University,Right,80,10,10,9,7,5,5,4,3,0,4,4,65,44,49,98.33,83,71.25
414,22,Female,University,Right,50,50,0,9,9,6,5,5,4,0,0,4,65,65,53,95.83,99,65
415,24,Male,Professional Training,Right,70,20,10,10,8,6,5,3,3,0,4,8,65,32,37,77.5,57,63.75
416,20,Male,University,Right,30,70,0,9,9,6,5,5,4,5,0,5,65,65,58,95.83,90,65
417,18,Female,High School,Left,70,20,10,10,9,6,5,4,3,0,3,3,65,50,48,100,94,55
418,24,Female,High School,Right,30,60,10,8,8,6,5,5,3,0,0,6,65,61,39,94.17,90,55
419,23,Female,University,Right,50,40,10,8,9,6,5,5,3,2,0,3,65,58,50,92.5,89,76.25
420,24,Female,University,Right,40,20,30,9,8,7,5,5,4,6,0,6,60,57,56,87.5,90,67.5
421,22,Male,University,Left,50,30,20,9,8,7,5,5,4,0,3,5,65,56,50,96.67,68,75
422,24,Female,High School,Right,50,30,20,10,8,6,5,4,3,0,1,8,65,57,53,95,92,81.25
423,25,Female,University,Right,40,60,0,9,9,3,5,4,2,0,2,7,65,57,31,96.67,92,56.25
424,20,Female,High School,Right,20,80,0,7,7,7,5,5,2,0,0,7,65,63,40,79.17,99,66.25
425,24,Male,University,Right,80,20,0,10,9,8,5,5,5,0,3,7,65,65,61,100,87,73.75
426,25,Male,University,Right,60,30,10,9,9,7,5,5,4,0,0,6,65,61,56,94.17,96,66.25
427,21,Female,University,Right,80,10,10,10,3,7,5,1,2,0,4,4,65,18,39,91.67,63,63.75
428,29,Female,University,Right,50,10,40,10,10,4,5,5,4,0,2,10,65,63,44,95.83,93,58.75
429,28,Female,University,Right,40,60,0,10,10,6,5,5,2,3,0,9,64,63,45,98.33,97,58.75
430,39,Female,University,Right,70,30,0,10,10,3,5,5,4,0,0,12,64,63,44,95,90,80
431,21,Male,University,Right,50,40,10,10,9,7,5,4,3,0,2,3,65,55,56,94.17,93,65
432,20,Female,High School,Right,90,10,0,10,9,7,5,5,4,0,0,6,65,65,60,95.83,94,65
433,31,Female,University,Left,40,40,20,9,7,5,5,5,3,0,0,10,64,57,24,98.33,87,65
434,23,Male,Postgraduate,Right,50,40,10,10,10,9,5,5,4,2,0,3,65,65,64,97.5,99,83.75
435,21,Male,Professional Training,Right,40,30,30,8,8,8,5,4,3,0,2,6,65,59,49,86.67,86,67.5
436,29,Female,Professional Training,Right,90,0,0,8,3,4,5,1,1,0,6,8,65,27,12,95,68,63.75
437,24,Female,University,Right,50,30,10,10,10,5,5,5,1,0,2,6,63,48,21,96.67,89,68.75
438,21,Female,High School,Right,80,10,10,9,8,7,5,5,5,0,3,7,65,57,52,98.33,85,56.25
439,21,Female,University,Right,70,20,20,10,5,5,5,4,3,0,4,4,65,51,48,84.17,76,65
440,23,Female,University,Right,40,50,10,7,9,6,5,5,2,2,0,5,63,63,36,91.67,89,53.75
441,19,Male,University,Right,60,20,20,10,7,7,5,4,2,0,2,5,65,53,52,94.17,78,60
442,21,Female,High School,Right,90,10,10,10,5,8,5,4,4,0,3,3,65,47,52,95,69,57.5
443,19,Female,University,Right,70,20,20,10,3,7,5,2,4,0,6,6,65,26,51,98.33,67,67.5
444,23,Male,University,Right,30,60,10,9,9,3,5,5,2,0,0,5,64,65,39,93.33,95,47.5
445,22,Female,Professional Training,Right,40,60,0,8,9,4,5,4,2,0,0,5,61,56,20,96.67,86,55
446,22,Male,Professional Training,Right,80,20,0,10,8,7,5,4,4,0,3,10,65,56,51,98.33,88,68.75
447,32,Female,University,Right,10,50,50,10,8,10,5,5,5,0,3,6,65,56,64,93.33,89,85
448,41,Male,Postgraduate,Left,70,20,20,10,6,7,5,4,4,0,4,12,65,47,48,91.67,84,67.5
449,24,Female,University,Right,50,40,10,10,10,7,5,5,3,0,2,3,65,63,53,98.33,96,70
450,22,Female,University,Right,40,50,10,8,9,7,5,5,4,3,0,5,64,65,53,100,98,58.75
451,23,Female,University,Right,100,0,0,9,7,3,5,2,2,0,3,3,65,38,18,95,77,61.25
452,21,Female,High School,Right,50,30,20,10,7,5,5,4,2,0,3,3,65,50,27,89.17,81,63.75
453,21,Male,High School,Right,90,10,0,9,6,6,5,3,2,0,0,6,64,38,34,93.33,83,65
454,22,Male,University,Right,70,20,10,10,8,2,5,4,2,0,3,6,62,32,17,90,80,56.25
455,24,Male,University,Right,20,60,20,10,10,9,5,3,3,0,5,7,65,46,37,91.67,78,65
456,36,Female,Professional Training,Right,30,70,0,10,10,4,5,5,3,0,2,12,65,62,27,100,96,67.5
457,44,Male,Professional Training,Right,50,40,10,8,8,4,5,4,2,0,0,10,64,62,52,100,81,72.5
458,22,Female,University,Right,80,10,10,10,7,9,5,4,4,0,3,6,65,45,50,96.67,92,66.25
459,19,Female,University,Right,30,60,10,8,10,6,5,5,2,0,0,5,59,63,26,96.67,93,53.75
460,27,Female,University,Right,50,50,0,10,10,5,5,5,3,0,0,5,65,65,54,99.17,96,65
461,22,Female,University,Right,30,40,20,8,8,7,5,5,3,0,0,8,65,57,35,93.33,89,67.5
462,33,Male,University,Right,60,30,10,9,9,5,5,5,3,5,0,10,62,58,31,95.83,87,62.5
463,21,Female,University,Right,90,10,0,10,9,6,5,5,3,0,2,5,65,60,43,92.5,93,72.5
464,26,Male,University,Right,50,50,0,8,8,2,5,5,3,3,0,3,63,63,44,96.67,95,61.25
465,24,Female,High School,Right,40,50,10,10,10,7,5,5,4,0,0,5,64,64,54,87.5,98,66.25
466,19,Male,High School,Left,70,10,10,10,8,5,5,3,2,0,6,10,65,37,18,96.67,79,61.25
467,45,Female,University,Right,20,60,20,9,9,8,5,5,5,3,0,8,63,65,64,93.33,100,72.5
468,25,Female,University,Right,50,40,10,10,10,7,5,5,5,0,0,5,65,65,61,99.17,95,68.75
469,24,Female,University,Right,60,40,40,10,5,9,5,4,4,0,6,8,65,32,57,90,78,77.5
470,24,Male,University,Right,80,10,10,10,8,8,5,4,3,0,0,6,65,60,46,93.33,94,52.5
471,21,Female,University,Right,60,30,10,10,9,7,5,4,4,0,2,5,65,47,57,97.5,91,65
472,20,Female,High School,Right,80,10,10,10,5,6,5,3,3,0,0,0,65,40,56,93.33,82,62.5
473,25,Female,University,Right,60,30,10,10,9,6,5,5,2,0,3,6,65,58,38,99.17,90,70
474,23,Female,Professional Training,Left,80,10,10,10,6,7,5,5,4,0,2,6,65,55,53,98.33,74,75
475,33,Male,University,Right,90,10,0,9,7,4,5,3,2,0,3,12,65,46,39,96.67,76,66.25
476,35,Female,University,Right,60,30,10,9,9,7,5,5,4,0,0,12,65,63,53,98.33,99,72.5
477,23,Female,Professional Training,Right,20,80,0,9,10,5,5,5,3,6,0,4,61,63,32,96.67,92,88.75
478,24,Female,University,Right,70,20,10,8,7,3,5,5,2,0,0,9,65,61,36,97.5,90,61.25
479,19,Male,University,Right,40,50,10,9,8,7,5,5,5,0,0,6,65,64,56,97.5,86,70
480,48,Male,High School,Right,70,20,20,10,7,9,5,4,5,0,6,10,65,48,63,99.17,89,85
481,24,Male,Professional Training,Right,60,30,10,10,6,3,5,3,2,0,2,12,65,41,34,92.5,68,51.25
482,34,Female,University,Right,60,30,10,9,9,7,5,5,4,0,0,10,65,65,60,100,100,67.5
483,22,Female,University,Left,60,40,0,8,8,6,5,5,3,0,0,6,65,58,41,100,98,68.75
484,21,Female,University,Right,50,30,10,10,8,6,5,5,2,0,0,6,65,50,36,93.33,75,51.25
485,25,Female,University,Right,70,20,10,10,8,7,5,5,3,0,0,7,65,48,44,93.33,83,68.75
486,23,Male,High School,Right,90,10,0,10,7,2,5,4,3,0,2,8,65,41,35,97.5,76,62.5
487,21,Female,University,Right,80,10,10,10,7,5,5,3,3,0,2,7,65,47,38,84.17,59,65
488,31,Female,University,Right,60,40,0,10,10,10,5,3,3,0,6,6,65,34,45,94.17,77,57.5
489,29,Female,University,Left,40,40,10,9,9,5,5,5,3,0,2,7,65,64,49,95,96,63.75
490,19,Female,University,Right,50,40,10,9,7,8,5,4,3,0,3,5,65,47,43,97.5,89,66.25
491,23,Male,University,Right,80,20,0,10,7,9,5,4,4,0,6,7,65,44,42,97.5,77,53.75
492,20,Male,University,Right,40,40,20,9,10,7,5,5,3,3,0,5,65,65,51,96.67,96,87.5
493,29,Male,University,Right,40,40,10,9,9,7,5,5,4,2,0,7,63,60,47,98.33,92,92.5
494,24,Female,University,Right,20,70,10,10,10,5,5,5,2,0,0,9,65,64,26,93.33,91,61.25
495,22,Male,University,Right,50,40,10,9,9,8,5,5,3,0,2,4,65,64,43,98.33,95,76.25
496,22,Male,High School,Right,40,60,0,9,9,4,5,5,3,0,0,5,65,63,45,93.33,90,67.5
497,42,Male,University,Right,70,20,10,10,10,10,5,5,5,0,5,11,65,62,64,100,86,65
498,31,Male,University,Right,70,20,10,10,7,5,5,4,3,0,3,9,65,45,31,91.67,68,63.75
499,29,Male,University,Right,40,50,10,9,10,7,5,5,4,4,0,3,65,64,62,99.17,99,81.25
500,19,Female,University,Right,20,80,0,8,9,7,5,5,4,0,0,7,64,65,57,91.67,97,70
501,24,Male,University,Right,70,20,10,10,9,6,5,4,3,0,3,6,65,46,32,98.33,83,60
502,20,Female,University,Right,40,40,10,10,10,8,5,5,3,0,0,5,65,60,33,93.33,82,72.5
503,26,Female,University,Right,90,10,0,10,6,6,5,4,4,0,0,3,65,53,48,95,65,48.75
504,24,Male,High School,Right,70,10,20,10,10,7,5,5,4,0,0,7,65,62,54,96.67,91,73.75
505,22,Female,University,Right,20,20,50,8,8,8,5,5,5,0,0,7,64,60,62,85,91,66.25
506,28,Male,High School,Right,80,20,20,10,3,5,5,2,5,0,5,7,65,13,57,96.67,68,83.75
507,22,Female,High School,Right,40,50,10,9,9,6,5,5,3,6,0,5,63,64,45,95,100,68.75
508,27,Male,University,Right,70,20,10,10,8,5,5,4,4,0,3,8,65,58,47,97.5,86,65
509,20,Female,University,Right,60,30,10,9,9,8,5,5,4,0,0,5,65,58,45,84.17,91,55
510,22,Male,High School,Right,30,60,10,6,8,3,5,5,4,3,0,5,65,65,48,98.33,98,72.5
511,21,Female,Professional Training,Right,50,50,0,8,5,2,5,3,2,0,3,6,65,43,53,94.17,72,60
512,31,Male,University,Right,40,30,20,9,8,7,5,5,4,6,0,9,65,65,61,95,92,68.75
513,25,Female,University,Right,60,30,10,10,8,7,5,5,3,0,0,7,65,60,45,97.5,82,62.5
514,22,Female,University,Right,60,40,0,7,7,5,5,4,2,0,3,5,65,61,43,86.67,90,58.75
515,20,Female,High School,Right,90,0,0,10,4,2,5,3,3,0,3,6,64,41,47,99.17,87,61.25
516,23,Female,Professional Training,Right,80,10,10,10,8,9,5,2,3,0,3,6,65,20,35,87.5,73,61.25
517,41,Female,University,Right,60,40,0,9,8,6,5,5,4,0,0,7,65,64,53,98.33,90,67.5
518,22,Female,University,Right,50,30,10,9,8,8,5,5,5,0,0,5,65,64,44,97.5,96,66.25
519,25,Female,University,Right,60,40,0,9,9,5,5,5,4,4,0,4,64,61,36,98.33,94,60
520,38,Male,Professional Training,Right,50,30,10,8,7,4,5,4,2,0,1,12,65,54,49,96.67,67,58.75
521,25,Female,High School,Right,70,20,10,7,6,4,5,4,3,0,3,6,65,49,33,76.67,61,55
522,25,Female,University,Right,70,10,10,10,7,8,5,3,4,0,2,3,65,37,51,97.5,62,61.25
523,23,Male,Professional Training,Right,60,30,10,9,8,6,5,3,2,0,0,6,65,45,30,79.17,82,68.75
524,23,Female,Professional Training,Right,70,20,10,10,6,4,5,2,2,0,3,6,64,28,21,84.17,66,57.5
525,36,Male,University,Right,60,30,10,10,8,6,5,5,3,0,0,12,65,62,49,100,99,65
526,23,Male,University,Right,60,30,10,9,8,6,5,4,2,0,2,6,65,52,49,97.5,80,70
527,32,Male,Professional Training,Right,90,10,0,10,7,1,5,2,3,0,6,9,65,40,26,90.83,65,51.25
528,24,Female,High School,Right,60,40,0,10,9,6,5,4,2,0,0,8,64,57,32,96.67,89,73.75
529,23,Female,University,Right,70,10,20,10,7,7,5,4,4,0,3,9,65,47,51,95.83,75,66.25
530,21,Male,University,Right,30,70,0,8,10,8,5,5,4,2,0,5,64,65,54,95.83,96,68.75
531,31,Male,University,Right,90,0,10,9,5,2,5,4,4,0,3,8,65,57,59,99.17,84,58.75
532,34,Female,Postgraduate,Right,10,90,0,9,10,6,5,5,3,3,0,11,65,64,38,99.17,95,66.25
533,28,Female,University,Right,70,30,0,9,8,6,5,5,3,0,3,9,65,62,21,100,95,73.75
534,24,Female,High School,Right,40,10,10,9,8,8,5,5,4,0,1,3,65,64,57,95,93,67.5
535,21,Male,High School,Right,80,10,10,10,7,8,5,4,3,0,2,8,65,44,49,95,93,70
536,20,Female,High School,Right,20,70,10,10,10,6,5,5,4,0,2,5,65,57,43,95,97,72.5
537,23,Male,University,Right,60,30,10,10,9,9,5,5,5,0,0,6,65,63,61,97.5,94,71.25
538,25,Female,University,Right,40,40,20,9,9,8,5,5,4,0,0,3,65,55,50,95,80,68.75
539,27,Female,University,Right,30,60,10,8,9,5,5,5,4,0,0,6,65,64,50,99.17,97,66.25
540,27,Female,University,Right,60,30,10,9,8,4,5,5,2,0,5,12,65,62,29,95,97,58.75
541,24,Male,University,Right,50,30,20,9,7,6,5,5,4,0,2,10,65,57,54,89.17,89,73.75
542,22,Female,University,Right,100,0,0,9,7,5,5,4,3,0,3,3,65,40,25,88.33,85,56.25
543,24,Male,Professional Training,Right,80,20,0,10,7,6,5,4,2,0,3,6,65,57,56,96.67,87,68.75
544,28,Male,University,Right,60,20,20,9,7,7,5,5,4,0,0,0,65,65,63,96.67,94,81.25
545,22,Female,University,Right,70,30,0,10,9,7,5,4,3,0,2,3,65,54,45,95,99,63.75
546,21,Female,University,Right,70,30,0,10,9,6,5,5,3,0,0,6,65,61,44,98.33,89,67.5
547,19,Female,High School,Right,60,30,10,8,7,7,5,4,4,0,2,4,64,57,52,94.17,87,65
548,34,Male,Professional Training,Right,60,30,10,9,6,3,5,4,3,4,0,5,65,43,32,100,79,60
549,33,Male,Professional Training,Right,80,20,0,10,8,8,5,4,4,0,3,11,65,51,54,97.5,88,73.75
550,21,Female,High School,Right,70,20,10,9,6,5,5,4,3,0,0,4,65,61,34,95,85,80
551,22,Female,University,Right,80,10,10,10,7,8,5,5,5,0,0,5,65,62,57,90.83,95,68.75
552,19,Male,University,Left,70,20,10,9,8,6,5,4,3,0,3,5,65,41,33,95.83,87,61.25
553,22,Female,High School,Right,40,50,10,9,8,6,5,5,3,0,2,6,65,59,42,95,92,66.25
554,24,Female,University,Right,60,40,0,9,9,1,5,4,1,0,2,8,65,46,8,90,67,57.5
555,22,Male,Postgraduate,Right,60,30,10,9,7,4,5,4,3,0,0,0,65,53,45,95.83,83,63.75
556,26,Female,Postgraduate,Right,40,40,20,10,8,8,5,4,3,0,2,6,65,47,43,95,76,58.75
557,22,Male,Professional Training,Right,70,20,10,9,7,8,5,4,4,0,3,6,65,53,57,98.33,89,71.25
558,26,Male,Professional Training,Right,60,20,10,10,8,5,5,3,2,0,6,9,65,42,22,86.67,60,46.25
559,32,Female,Postgraduate,Right,80,10,10,10,8,8,5,5,4,0,3,10,65,58,55,99.17,95,82.5
560,22,Male,University,Right,70,20,10,10,9,7,5,4,4,0,3,8,65,44,43,95.83,86,61.25
561,24,Female,University,Left,80,20,0,9,6,4,5,4,3,0,3,4,65,45,33,95,81,61.25
562,34,Female,High School,Right,100,0,0,8,6,3,5,4,1,0,0,11,65,52,19,95,87,56.25
563,19,Male,University,Right,20,70,10,7,7,6,5,5,3,6,0,7,60,61,40,93.33,94,70
564,22,Female,High School,Right,50,40,10,10,9,5,5,5,3,0,2,6,65,59,32,96.67,97,68.75
565,28,Male,Professional Training,Right,80,10,10,9,8,7,5,4,4,0,3,8,65,56,47,95.83,90,65
566,21,Female,University,Right,80,10,10,9,5,7,5,2,3,0,3,3,65,18,48,96.67,59,65
567,22,Female,University,Right,30,50,20,10,10,8,5,5,4,3,0,5,65,65,57,98.33,100,86.25
568,24,Female,Postgraduate,Right,50,40,10,7,7,6,5,4,3,0,6,6,65,53,43,100,88,88.75
569,34,Female,Postgraduate,Right,20,60,10,8,9,6,5,5,3,5,0,6,65,65,52,97.5,99,60
570,21,Male,University,Right,50,40,10,9,8,6,5,4,3,0,2,3,65,60,53,98.33,91,63.75
571,20,Female,High School,Right,20,70,10,9,10,8,5,5,4,0,0,4,64,63,55,82.5,88,61.25
572,23,Female,University,Right,70,30,30,10,6,7,5,3,4,0,6,10,64,24,36,87.5,66,56.25
573,22,Male,University,Right,50,40,10,10,8,6,5,4,4,0,3,3,65,40,51,98.33,80,71.25
574,21,Female,Professional Training,Left,50,40,10,10,8,6,5,4,3,0,3,5,61,46,18,92.5,80,62.5
575,20,Female,University,Right,50,40,10,10,9,7,5,5,4,0,2,3,64,60,47,96.67,95,60
576,22,Female,High School,Right,60,30,10,10,9,8,5,5,4,0,2,5,65,64,54,98.33,96,66.25
577,19,Female,University,Right,40,40,20,8,8,7,5,5,4,0,0,8,64,60,46,80.83,95,47.5
578,22,Male,University,Right,40,60,0,7,10,5,5,5,3,5,0,6,63,63,35,90,96,61.25
579,24,Male,University,Right,70,20,10,10,9,7,5,5,4,0,3,4,64,55,52,92.5,92,61.25
580,22,Male,University,Right,70,20,20,8,5,6,5,3,3,0,4,5,65,35,47,95,62,85
581,21,Male,University,Right,80,10,10,9,6,9,5,4,4,0,3,3,65,31,48,95,81,57.5
582,23,Female,High School,Left,20,70,10,10,10,7,5,5,3,0,0,6,65,62,31,95.83,86,66.25
583,25,Female,Professional Training,Left,80,10,10,9,5,3,5,4,4,0,2,6,65,52,48,98.33,89,61.25
584,23,Male,High School,Right,50,40,10,10,10,6,5,5,2,0,0,6,65,58,41,93.33,78,57.5
585,23,Male,University,Right,50,50,0,9,9,1,5,5,3,0,0,10,65,59,48,94.17,87,63.75
586,36,Male,Professional Training,Right,50,20,30,9,9,7,5,5,4,5,0,11,64,59,59,96.67,82,73.75
587,22,Female,University,Right,60,30,10,8,7,6,5,5,4,0,0,4,65,60,51,95.83,95,66.25
588,24,Male,Postgraduate,Right,40,40,20,10,10,7,5,5,4,1,0,8,64,65,60,100,93,76.25
589,23,Male,High School,Right,30,60,10,8,9,5,5,5,4,0,0,11,63,65,56,96.67,98,66.25
590,25,Female,University,Right,60,30,30,10,5,7,5,3,4,0,3,3,65,47,56,96.67,73,65
591,23,Female,University,Right,40,40,40,10,10,10,5,4,4,0,2,12,65,40,50,100,85,85
592,27,Female,Postgraduate,Right,20,20,60,10,10,7,5,5,4,1,0,8,65,64,60,95.83,94,62.5
593,28,Male,Professional Training,Right,60,20,20,8,6,6,5,4,2,0,6,10,65,41,28,93.33,65,62.5
594,24,Male,High School,Right,80,10,10,9,5,7,5,2,4,0,3,3,65,43,58,88.33,70,71.25
595,21,Female,University,Right,80,20,0,10,8,5,5,5,3,0,0,5,63,54,39,93.33,90,68.75
596,26,Female,High School,Right,40,50,10,10,10,9,5,5,4,3,0,6,65,61,60,94.17,95,72.5
597,25,Female,High School,Right,80,10,10,10,10,8,5,5,5,0,2,7,65,50,58,84.17,92,67.5
598,21,Male,University,Right,50,50,0,8,8,6,5,5,4,0,0,3,62,56,52,95.83,94,76.25
599,18,Female,Professional Training,Right,60,30,10,10,7,6,5,4,4,0,3,5,63,51,42,85.83,81,62.5
600,24,Male,University,Left,80,10,10,9,6,7,5,3,4,0,0,0,65,26,52,95,75,75
601,18,Male,University,Right,60,20,20,10,7,8,5,3,3,0,3,10,65,23,32,85,70,62.5
602,26,Male,University,Right,70,20,10,10,10,8,5,5,3,0,3,9,65,62,57,94.17,86,67.5
603,25,Female,University,Right,70,20,20,10,6,8,5,4,4,0,2,6,65,57,53,100,89,60
604,31,Female,Postgraduate,Right,40,50,10,9,10,8,5,5,4,3,0,8,64,65,59,98.33,96,71.25
605,23,Female,University,Right,50,30,10,10,9,7,5,5,3,0,0,6,65,60,44,91.67,66,57.5
606,23,Male,Postgraduate,Right,80,10,10,10,8,6,5,4,3,0,2,6,65,56,63,100,78,70
607,23,Female,University,Right,50,40,10,9,8,4,5,5,3,0,3,6,65,46,40,95,84,56.25
608,21,Female,High School,Right,50,40,10,8,7,5,5,5,3,0,2,5,65,57,46,98.33,94,72.5
609,18,Female,University,Right,40,50,10,8,8,5,5,5,3,0,3,5,64,60,48,100,94,65
610,27,Female,University,Right,80,10,10,8,6,3,5,4,1,0,5,8,62,41,14,93.33,83,65
611,25,Female,University,Right,40,30,20,9,7,5,5,5,3,0,2,8,65,54,49,99.17,91,68.75
612,25,Female,Postgraduate,Right,40,50,10,10,10,8,5,5,5,0,2,6,65,58,50,96.67,97,72.5
613,24,Female,University,Right,80,10,10,10,3,2,5,2,2,0,3,3,65,30,29,98.33,61,61.25
614,29,Female,Postgraduate,Right,30,60,10,10,10,7,5,5,3,0,0,4,65,65,54,96.67,98,68.75
615,36,Female,Postgraduate,Right,10,70,10,9,9,8,5,5,5,3,0,12,65,65,65,98.33,97,91.25
616,24,Female,University,Right,60,30,10,8,6,2,5,5,3,0,3,10,65,57,40,97.5,94,67.5
617,20,Female,University,Right,60,30,10,7,8,6,5,4,3,0,0,6,61,46,37,93.33,88,67.5
618,21,Male,High School,Right,60,30,30,10,9,7,5,3,5,0,4,6,65,36,56,97.5,91,70
619,21,Female,High School,Right,40,50,10,10,10,9,5,5,4,0,1,6,65,61,45,91.67,82,56.25
620,43,Male,Postgraduate,Right,20,70,10,9,9,8,5,5,5,3,0,9,65,64,65,100,90,95
621,20,Female,University,Right,20,80,0,8,10,6,5,5,4,2,0,5,62,64,36,95.83,95,56.25
622,28,Male,Professional Training,Right,70,30,0,8,7,3,5,4,2,0,0,8,65,61,35,90,76,58.75
623,24,Female,University,Right,50,40,10,10,10,7,5,5,3,0,2,6,65,61,43,97.5,99,67.5
624,37,Female,University,Right,70,30,0,8,7,5,5,3,2,0,3,10,64,26,29,96.67,84,58.75
625,25,Female,University,Right,90,10,0,10,5,3,5,3,2,0,3,3,65,47,36,98.33,86,87.5
626,24,Female,University,Right,80,20,0,10,5,2,5,3,2,0,6,6,65,33,18,98.33,75,66.25
627,25,Male,University,Right,50,40,10,10,10,6,5,5,3,0,0,5,65,54,25,72.5,65,56.25
628,24,Male,Professional Training,Right,80,10,10,9,3,5,5,3,3,0,3,5,65,43,52,95.83,82,68.75
629,31,Female,Professional Training,Right,60,20,10,10,7,5,5,4,2,0,4,4,63,50,37,98.33,85,56.25
630,20,Female,University,Right,40,20,20,9,8,8,5,5,4,0,3,5,64,58,46,91.67,87,77.5
631,20,Female,University,Right,60,40,0,9,8,7,5,4,3,0,2,3,65,63,49,96.67,94,72.5
632,29,Female,University,Right,90,10,0,10,5,5,5,2,2,0,3,6,64,24,20,95,65,62.5
633,22,Female,University,Right,30,60,10,7,9,7,5,5,3,3,0,5,64,63,40,90.83,89,63.75
634,41,Female,University,Right,60,40,0,8,10,2,5,5,4,0,0,10,64,64,56,98.33,90,67.5
635,28,Female,University,Right,20,70,10,8,10,4,5,5,3,3,0,6,65,65,43,96.67,95,57.5
636,20,Male,University,Right,40,60,0,8,7,6,5,5,3,0,1,6,65,59,44,80,73,47.5
637,22,Male,University,Left,40,50,10,9,10,8,5,5,3,4,0,4,65,64,57,89.17,86,72.5
638,46,Female,University,Right,40,40,10,10,10,9,5,5,4,4,0,11,65,60,65,98.33,84,68.75
639,21,Female,Professional Training,Left,90,10,0,10,6,4,5,4,2,0,3,6,64,34,19,86.67,82,50
640,42,Female,Postgraduate,Left,40,60,0,8,8,4,5,5,4,2,0,12,65,65,45,100,94,65
641,25,Female,Postgraduate,Right,30,60,10,9,9,6,5,5,5,4,0,11,64,65,49,99.17,96,68.75
642,28,Female,Professional Training,Right,70,20,10,10,7,5,5,4,2,0,3,9,65,37,27,100,86,67.5
643,30,Male,University,Right,60,30,10,10,7,5,5,4,3,0,3,6,65,53,41,94.17,77,60
644,22,Female,University,Right,70,30,0,10,7,8,5,4,3,0,3,3,65,55,35,91.67,91,60
645,21,Female,University,Right,50,40,10,10,9,7,5,5,4,0,2,6,65,65,53,84.17,86,68.75
646,37,Female,High School,Right,40,60,0,10,10,2,5,5,1,6,0,9,65,63,30,95,90,62.5
647,33,Female,Professional Training,Right,80,20,0,9,9,5,5,5,3,0,2,8,65,64,30,91.67,95,41.25
648,22,Female,University,Right,30,60,10,7,8,5,5,5,3,3,0,5,63,62,46,77.5,91,42.5
649,24,Female,Professional Training,Right,70,10,10,10,6,5,5,3,3,0,6,8,64,48,30,95,49,61.25
650,21,Female,University,Left,60,30,10,9,7,7,5,4,4,0,0,7,60,49,42,91.67,81,68.75